{
  "Ansi 7 Color (Light)" : {
    "Red Component" : 0.98039215803146362,
    "Color Space" : "sRGB",
    "Blue Component" : 0.98039215803146362,
    "Alpha Component" : 1,
    "Green Component" : 0.98039215803146362
  },
  "Ansi 15 Color (Light)" : {
    "Red Component" : 0.99607843160629272,
    "Color Space" : "sRGB",
    "Blue Component" : 0.99607843160629272,
    "Alpha Component" : 1,
    "Green Component" : 0.99607843160629272
  },
  "Ansi 2 Color (Light)" : {
    "Red Component" : 0.08235294371843338,
    "Color Space" : "sRGB",
    "Blue Component" : 0.050980392843484879,
    "Alpha Component" : 1,
    "Green Component" : 0.81568628549575806
  },
  "Bold Color" : {
    "Red Component" : 0.062745101749897003,
    "Color Space" : "sRGB",
    "Blue Component" : 0.062745101749897003,
    "Alpha Component" : 1,
    "Green Component" : 0.062745101749897003
  },
  "Ansi 1 Color (Dark)" : {
    "Red Component" : 0.08235294371843338,
    "Color Space" : "sRGB",
    "Blue Component" : 0.050980392843484879,
    "Alpha Component" : 1,
    "Green Component" : 0.81568628549575806
  },
  "Use Bright Bold" : true,
  "Ansi 9 Color (Light)" : {
    "Red Component" : 0.098039217293262482,
    "Color Space" : "sRGB",
    "Blue Component" : 0.054901961237192154,
    "Alpha Component" : 1,
    "Green Component" : 0.88627451658248901
  },
  "Ansi 8 Color (Dark)" : {
    "Red Component" : 0.0016387200448662043,
    "Color Space" : "sRGB",
    "Blue Component" : 0.064321540296077728,
    "Alpha Component" : 1,
    "Green Component" : 0.083151340484619141
  },
  "Background Color" : {
    "Red Component" : 0.97999999999999998,
    "Color Space" : "sRGB",
    "Blue Component" : 0.97999999999999998,
    "Alpha Component" : 1,
    "Green Component" : 0.97999999999999998
  },
  "Columns" : 80,
  "Ansi 8 Color" : {
    "Red Component" : 0.40781760215759277,
    "Color Space" : "sRGB",
    "Blue Component" : 0.4078223705291748,
    "Alpha Component" : 1,
    "Green Component" : 0.40782788395881653
  },
  "Right Option Key Sends" : 0,
  "Ansi 4 Color (Light)" : {
    "Red Component" : 0.08235294371843338,
    "Color Space" : "sRGB",
    "Blue Component" : 0.050980392843484879,
    "Alpha Component" : 1,
    "Green Component" : 0.81568628549575806
  },
  "Blinking Cursor" : false,
  "Selected Text Color (Light)" : {
    "Red Component" : 0.99292969703674316,
    "Color Space" : "sRGB",
    "Blue Component" : 0.99292969703674316,
    "Alpha Component" : 1,
    "Green Component" : 0.99292969703674316
  },
  "Selected Text Color (Dark)" : {
    "Red Component" : 0.99292969703674316,
    "Color Space" : "sRGB",
    "Blue Component" : 0.99292969703674316,
    "Alpha Component" : 1,
    "Green Component" : 0.99292969703674316
  },
  "Ansi 3 Color (Dark)" : {
    "Red Component" : 0.08235294371843338,
    "Color Space" : "sRGB",
    "Blue Component" : 0.050980392843484879,
    "Alpha Component" : 1,
    "Green Component" : 0.81568628549575806
  },
  "Keyboard Map" : {

  },
  "Visual Bell" : true,
  "Cursor Text Color" : {
    "Red Component" : 1,
    "Color Space" : "sRGB",
    "Blue Component" : 1,
    "Alpha Component" : 1,
    "Green Component" : 1
  },
  "Scrollback Lines" : 1000,
  "Selection Color (Light)" : {
    "Red Component" : 0.83292782306671143,
    "Color Space" : "sRGB",
    "Blue Component" : 0.75813239812850952,
    "Alpha Component" : 1,
    "Green Component" : 1
  },
  "Ansi 0 Color" : {
    "Red Component" : 0.078431375324726105,
    "Color Space" : "sRGB",
    "Blue Component" : 0.11764705926179886,
    "Alpha Component" : 1,
    "Green Component" : 0.098039217293262482
  },
  "Match Background Color (Dark)" : {
    "Red Component" : 1,
    "Color Space" : "P3",
    "Blue Component" : 0,
    "Alpha Component" : 1,
    "Green Component" : 1
  },
  "Ansi 11 Color (Light)" : {
    "Red Component" : 0.098039217293262482,
    "Color Space" : "sRGB",
    "Blue Component" : 0.054901961237192154,
    "Alpha Component" : 1,
    "Green Component" : 0.88627451658248901
  },
  "Ansi 5 Color (Dark)" : {
    "Red Component" : 0.08235294371843338,
    "Color Space" : "sRGB",
    "Blue Component" : 0.050980392843484879,
    "Alpha Component" : 1,
    "Green Component" : 0.81568628549575806
  },
  "Cursor Text Color (Light)" : {
    "Red Component" : 0.99999600648880005,
    "Color Space" : "sRGB",
    "Blue Component" : 1,
    "Alpha Component" : 1,
    "Green Component" : 1
  },
  "Silence Bell" : false,
  "Rows" : 25,
  "Guid" : "932E3AF5-2CF2-4F11-8C9F-B241CF4CFE24",
  "Ansi 14 Color (Dark)" : {
    "Red Component" : 0.098039217293262482,
    "Color Space" : "sRGB",
    "Blue Component" : 0.054901961237192154,
    "Alpha Component" : 1,
    "Green Component" : 0.88627451658248901
  },
  "Ansi 15 Color (Dark)" : {
    "Red Component" : 0.99607843160629272,
    "Color Space" : "sRGB",
    "Blue Component" : 0.99607843160629272,
    "Alpha Component" : 1,
    "Green Component" : 0.99607843160629272
  },
  "Ansi 0 Color (Dark)" : {
    "Red Component" : 0,
    "Color Space" : "sRGB",
    "Blue Component" : 0.04397694393992424,
    "Alpha Component" : 1,
    "Green Component" : 0.12156862765550613
  },
  "Ambiguous Double Width" : false,
  "Option Key Sends" : 0,
  "Ansi 3 Color" : {
    "Red Component" : 0.78058648109436035,
    "Color Space" : "sRGB",
    "Blue Component" : 0,
    "Alpha Component" : 1,
    "Green Component" : 0.76959484815597534
  },
  "Window Type" : 0,
  "BM Growl" : true,
  "Prompt Before Closing 2" : false,
  "Command" : "",
  "Selected Text Color" : {
    "Red Component" : 0,
    "Color Space" : "sRGB",
    "Blue Component" : 0,
    "Alpha Component" : 1,
    "Green Component" : 0
  },
  "Ansi 14 Color (Light)" : {
    "Red Component" : 0.098039217293262482,
    "Color Space" : "sRGB",
    "Blue Component" : 0.054901961237192154,
    "Alpha Component" : 1,
    "Green Component" : 0.88627451658248901
  },
  "Cursor Guide Color (Dark)" : {
    "Red Component" : 0.70213186740875244,
    "Color Space" : "sRGB",
    "Blue Component" : 1,
    "Alpha Component" : 0.25,
    "Green Component" : 0.9268307089805603
  },
  "Send Code When Idle" : false,
  "Ansi 6 Color" : {
    "Red Component" : 0,
    "Color Space" : "sRGB",
    "Blue Component" : 0.78166204690933228,
    "Alpha Component" : 1,
    "Green Component" : 0.77425903081893921
  },
  "Jobs to Ignore" : [
    "rlogin",
    "ssh",
    "slogin",
    "telnet"
  ],
  "Badge Color (Dark)" : {
    "Red Component" : 0.076954841613769531,
    "Color Space" : "sRGB",
    "Blue Component" : 0,
    "Alpha Component" : 0.5,
    "Green Component" : 1
  },
  "Cursor Color" : {
    "Red Component" : 0,
    "Color Space" : "sRGB",
    "Blue Component" : 0,
    "Alpha Component" : 1,
    "Green Component" : 0
  },
  "Vertical Spacing" : 1,
  "Disable Window Resizing" : true,
  "Close Sessions On End" : true,
  "Selection Color (Dark)" : {
    "Red Component" : 0.83292782306671143,
    "Color Space" : "sRGB",
    "Blue Component" : 0.75813239812850952,
    "Alpha Component" : 1,
    "Green Component" : 1
  },
  "Default Bookmark" : "No",
  "Foreground Color (Light)" : {
    "Red Component" : 0.085391096770763397,
    "Color Space" : "sRGB",
    "Blue Component" : 0.053784403949975967,
    "Alpha Component" : 1,
    "Green Component" : 0.69262981414794922
  },
  "Custom Command" : "No",
  "Background Color (Dark)" : {
    "Red Component" : 0.0066442275419831276,
    "Color Space" : "sRGB",
    "Blue Component" : 0.0039260699413716793,
    "Alpha Component" : 1,
    "Green Component" : 0.059308528900146484
  },
  "Ansi 9 Color" : {
    "Red Component" : 0.8659515380859375,
    "Color Space" : "sRGB",
    "Blue Component" : 0.45833224058151245,
    "Alpha Component" : 1,
    "Green Component" : 0.47524076700210571
  },
  "Ansi 14 Color" : {
    "Red Component" : 0.37597531080245972,
    "Color Space" : "sRGB",
    "Blue Component" : 1,
    "Alpha Component" : 1,
    "Green Component" : 0.99263292551040649
  },